CustomerID,Age,Gender,Annual_Income_000s,Avg_Monthly_Spend,Purchase_Frequency_per_Month,Avg_Basket_Value,Online_Purchase_Pct,Discount_Sensitivity,Brand_Loyalty_Score
1,47,F,44.9,11584,12.9,1008,33.1,9.0,6.4
2,52,F,37.7,2136,0.2,1431,13.6,3.6,1.1
3,31,M,36.2,8536,8.5,865,64.2,8.0,3.5
4,39,M,37.1,3582,1.2,985,41.2,4.8,3.2
5,45,F,37.4,10627,7.9,1268,46.2,9.3,5.1
6,29,F,68.5,14135,6.3,1996,56.0,3.2,7.6
7,64,F,58.9,18045,4.0,1801,50.5,3.7,7.3
8,22,F,77.2,14515,5.1,2058,60.5,1.2,10.0
9,38,F,74.8,16821,1.4,5611,90.9,1.1,7.0
10,33,F,102.0,17270,2.9,4366,77.1,3.1,9.0
11,38,F,99.8,19877,3.7,6445,79.0,3.3,7.1
12,55,M,69.8,14284,5.9,2539,55.1,2.7,9.9
13,47,F,51.1,628,1.8,1202,28.0,5.3,1.7
14,32,F,44.4,10621,8.8,852,61.5,7.9,4.6
15,64,F,28.2,9762,6.4,797,64.0,8.1,6.1
16,58,F,105.1,15466,1.8,6126,84.0,2.6,9.6
17,27,F,54.1,2554,0.8,1745,37.9,3.8,4.5
18,31,M,70.4,18982,3.6,5480,69.2,3.2,5.8
19,32,M,17.2,9207,5.7,1245,46.8,8.0,5.1
20,41,M,60.3,10841,7.1,1390,47.6,5.3,10.0
21,34,M,63.2,1497,1.1,1202,24.6,4.2,4.0
22,61,F,89.2,22011,2.4,6350,97.6,2.9,7.9
23,56,F,76.4,12718,5.3,2224,42.5,2.3,7.4
24,59,F,48.0,2243,1.9,2360,18.1,5.3,2.8
25,21,M,93.1,19148,2.4,5435,89.6,1.0,7.1
26,43,M,39.3,7445,8.8,935,42.8,6.9,5.5
27,29,F,62.9,13905,4.7,2318,49.1,3.6,9.2
28,26,F,33.2,2115,0.8,1397,24.5,2.0,2.8
29,35,M,45.8,1353,1.0,1621,29.4,7.5,3.2
30,46,M,52.6,2750,1.6,1587,24.6,1.5,2.9
31,42,F,40.3,11315,8.3,994,44.7,8.2,2.5
32,46,F,71.3,2315,0.8,2209,26.4,6.9,3.9
33,36,F,32.7,710,0.7,1576,12.4,4.1,3.6
34,35,M,62.8,4291,2.1,1951,26.7,5.3,3.6
35,58,F,31.9,9129,8.1,887,58.3,8.9,4.7
36,36,M,38.5,10447,7.7,727,61.9,6.3,3.9
37,54,M,40.5,1918,1.4,2578,33.7,4.6,1.0
38,28,F,77.4,17631,3.7,5652,73.8,2.0,8.4
39,28,F,46.4,3933,0.9,1989,6.5,5.8,3.8
40,48,M,69.0,14645,6.7,1987,47.7,4.2,8.1
41,44,M,100.2,14959,2.9,5674,68.1,1.7,8.7
42,58,F,49.6,3379,1.1,1561,20.2,4.4,2.0
43,38,F,74.8,13833,6.0,1738,36.3,4.7,7.6
44,21,M,39.4,7316,9.7,558,67.9,9.7,5.3
45,63,M,25.6,1662,0.7,1612,18.1,6.1,1.1
46,61,M,84.1,22552,3.7,5508,84.6,1.6,6.8
47,24,M,26.2,5434,12.3,666,35.8,7.7,5.7
48,43,M,41.7,2361,0.8,1473,18.5,3.8,4.4
49,22,M,52.0,3460,1.9,1979,33.0,5.0,1.5
50,25,M,91.2,20978,1.5,4702,68.7,2.9,6.9
51,43,F,108.5,15344,0.9,5179,73.0,2.4,8.5
52,28,F,45.3,17291,6.1,2160,56.1,3.5,9.6
53,64,F,65.2,6683,3.0,1883,51.4,1.8,8.4
54,32,M,43.3,2119,1.0,1768,29.6,4.0,3.1
55,50,M,64.6,13091,7.0,3186,52.5,2.3,9.8
56,28,M,101.4,18854,4.1,5328,76.6,3.5,8.2
57,59,F,74.3,18082,2.1,5508,81.0,2.8,7.9
58,24,F,105.5,18791,1.2,6290,80.7,1.0,8.2
59,53,M,31.4,1919,1.0,3010,24.9,1.9,2.2
60,46,F,71.2,13515,5.9,2557,30.2,3.5,10.0
61,57,F,91.0,20321,2.7,4735,84.7,2.9,7.3
62,55,F,56.8,12464,5.8,2733,44.2,3.5,8.6
63,29,M,49.4,9298,11.3,968,64.0,8.2,4.5
64,34,M,61.6,2562,0.9,2309,14.4,4.1,3.3
65,25,M,25.7,2290,2.1,1421,10.0,2.9,2.3
66,21,M,61.9,13309,7.0,2608,45.6,4.7,9.3
67,29,M,112.9,20319,3.4,5884,95.9,1.7,8.3
68,51,M,37.6,1979,1.4,898,28.2,2.5,2.2
69,22,F,28.4,2705,1.4,937,16.3,4.8,1.8
70,35,M,101.5,18822,1.4,5110,87.1,2.9,6.1
71,22,F,42.0,1920,1.9,2194,14.0,3.2,3.4
72,41,M,91.0,18659,2.7,6044,79.0,2.2,10.0
73,64,F,20.8,9633,9.7,517,43.1,10.0,6.3
74,47,M,60.6,13240,7.6,2148,47.5,2.0,7.5
75,52,F,65.8,12828,7.5,2453,41.5,4.1,9.0
76,63,M,52.2,4457,0.9,1458,34.9,5.1,3.4
77,22,F,66.6,15753,4.8,2498,35.6,3.7,7.8
78,52,F,67.6,18570,6.9,1721,29.3,5.3,8.9
79,49,F,43.3,2789,1.4,1933,24.2,2.7,4.1
80,64,M,100.0,21704,1.8,5718,70.4,2.4,6.8
81,49,F,40.2,2254,2.0,2139,15.6,4.6,1.8
82,40,F,35.6,10495,9.9,972,45.0,8.2,5.9
83,49,F,26.1,2982,1.0,1398,18.9,4.1,4.0
84,41,F,98.4,19303,0.6,5695,89.5,2.2,8.2
85,35,F,33.6,8473,7.3,721,53.0,7.4,4.3
86,44,F,102.4,14563,2.9,5953,80.5,1.1,5.4
87,41,F,28.7,8551,8.5,706,48.6,9.9,5.2
88,36,M,55.5,13977,5.1,1529,39.0,5.6,7.1
89,40,F,74.8,15054,2.7,6677,77.1,3.8,7.3
90,58,F,60.9,15750,7.3,2529,73.9,4.7,8.3
91,37,F,33.5,8405,6.2,997,84.5,7.7,6.3
92,40,F,99.3,18921,1.5,4908,75.1,3.5,7.3
93,35,M,33.3,7071,10.2,803,73.1,7.7,6.5
94,46,F,46.2,7730,10.0,1207,56.5,9.2,5.1
95,32,M,42.2,1857,1.8,1900,26.0,3.5,2.8
96,48,F,48.8,1957,1.2,2091,40.2,6.3,2.3
97,25,F,43.3,7883,9.3,932,51.5,7.6,6.4
98,25,M,72.7,12530,6.0,2128,42.4,4.3,8.3
99,37,F,57.8,1303,1.6,1700,42.8,6.9,1.4
100,37,M,71.2,12878,3.4,2177,45.5,2.8,8.8
101,58,M,64.1,11877,5.7,1696,41.5,2.4,8.0
102,24,M,23.4,9586,7.5,702,48.6,9.3,6.3
103,23,M,66.1,14149,5.5,1809,57.6,3.4,7.8
104,27,M,49.2,13286,5.7,2325,62.9,2.6,9.9
105,38,M,37.4,2324,1.2,2373,23.1,3.1,4.9
106,38,M,69.6,12028,5.9,1838,50.0,2.8,8.5
107,34,M,44.2,8261,10.7,886,35.6,7.1,7.0
108,42,F,29.5,9066,9.2,1332,77.1,8.5,5.6
109,58,F,107.8,20105,3.2,4018,70.4,2.9,8.4
110,58,F,48.0,2297,1.5,1898,25.7,3.0,3.9
111,35,M,50.6,1406,1.5,2218,27.7,4.8,1.4
112,30,F,35.7,9055,9.0,614,44.6,7.7,5.4
113,26,M,28.5,8218,7.3,918,39.9,7.3,4.6
114,56,M,65.3,12526,7.1,2097,49.7,3.5,8.3
115,53,F,47.4,1345,2.0,2155,23.0,4.8,2.1
116,47,M,43.2,8096,8.4,1116,65.7,9.1,6.1
117,63,M,57.0,11478,5.6,1756,54.6,5.8,9.9
118,43,F,87.7,21322,2.5,6506,73.7,3.9,7.9
119,35,M,105.1,14468,2.2,5265,72.8,3.3,5.5
120,25,M,40.1,1127,0.8,1736,47.4,5.0,4.4
121,34,F,69.0,8800,7.4,1620,53.7,5.7,9.4
122,37,F,38.0,11875,11.8,943,49.4,8.1,6.6
123,32,M,69.2,15234,4.6,2200,68.7,1.0,8.6
124,54,M,49.6,2256,1.6,1231,14.6,7.6,3.7
125,27,M,35.9,10603,12.8,1108,60.9,7.5,9.0
126,64,M,103.1,23233,1.0,4452,81.1,1.5,8.2
127,29,M,87.3,20034,2.7,5765,78.0,2.8,7.0
128,49,F,38.1,8948,9.4,838,47.1,7.7,4.9
129,26,M,96.7,18820,4.4,4875,70.0,1.4,7.7
130,60,M,77.4,14670,6.3,1989,64.2,4.6,8.7
131,32,F,48.0,3071,1.4,1380,6.9,4.4,2.8
132,56,M,50.8,2421,0.8,1783,32.2,5.3,3.3
133,47,F,94.4,15399,3.3,5658,83.6,1.0,6.7
134,50,F,80.8,13997,3.5,4973,81.6,2.6,7.7
135,63,F,55.3,15795,6.5,1187,34.2,3.4,7.4
136,59,M,67.4,16804,6.3,1868,60.4,5.0,7.4
137,30,F,83.0,20928,2.0,5679,79.0,2.9,9.3
138,40,M,34.4,9486,7.7,941,69.4,9.1,3.7
139,57,M,64.4,9806,4.5,2550,41.4,5.5,8.8
140,59,M,80.7,16573,4.2,5741,78.3,1.7,5.8
141,61,F,29.1,6909,9.3,885,60.1,7.6,6.2
142,43,F,43.4,7929,10.3,1195,32.0,7.4,2.3
143,31,M,36.7,2789,1.3,1701,38.0,4.9,3.9
144,43,M,100.5,15368,2.6,6295,81.7,1.8,7.2
145,54,M,49.2,2852,1.5,1925,16.0,5.4,1.8
146,32,F,38.3,8502,9.8,1065,48.2,7.2,4.8
147,44,F,44.0,3684,0.9,2094,22.0,3.9,3.2
148,31,F,43.2,1664,0.5,1614,20.8,4.1,3.2
149,38,F,51.6,9916,10.1,545,28.2,10.0,4.1
150,43,F,52.7,13963,6.2,2550,42.2,2.1,9.2
151,47,F,73.6,14392,7.4,2372,60.2,2.6,8.3
152,34,F,48.2,2204,2.0,1501,28.2,3.4,2.2
153,49,F,26.5,3309,1.4,1868,18.9,2.3,2.8
154,47,M,45.4,2719,1.4,2012,17.3,5.5,2.9
155,59,M,62.7,15765,5.0,2399,61.6,3.7,8.1
156,47,M,57.3,4259,1.0,1795,26.0,5.4,2.6
157,42,F,50.7,12116,7.1,1795,60.3,3.2,10.0
158,45,F,67.3,13534,4.9,1990,35.3,5.7,6.2
159,39,M,54.5,13563,6.6,1696,42.4,4.5,9.9
160,37,F,31.7,6772,8.4,518,46.9,7.6,5.8
161,24,F,34.4,3050,2.2,1785,25.7,2.5,2.1
162,56,F,22.6,7786,6.5,1193,45.6,7.6,2.5
163,61,F,100.4,19900,3.0,7725,69.1,1.0,4.2
164,31,F,50.8,7724,6.5,1018,28.1,8.5,4.7
165,56,M,84.7,15808,2.5,5720,87.3,4.2,8.0
166,45,M,57.4,2849,1.3,1518,24.2,5.4,1.8
167,36,F,32.7,8941,8.4,980,70.2,9.2,2.4
168,27,F,60.4,11808,6.2,1805,49.0,6.0,8.6
169,51,F,67.7,14698,7.1,1687,54.8,4.8,6.3
170,28,M,37.4,1892,1.5,1687,25.4,7.3,3.6
171,51,M,67.7,18557,4.6,2676,76.0,3.7,9.5
172,46,M,93.3,20142,3.8,4687,82.3,2.1,6.1
173,29,F,52.2,6627,7.7,923,64.1,7.3,4.9
174,57,F,27.3,9826,10.6,647,55.3,7.9,3.3
175,33,F,32.5,9293,9.8,972,63.1,8.2,5.5
176,23,M,40.2,9747,10.7,1187,35.6,9.9,2.8
177,29,M,60.6,13734,5.9,2089,51.2,3.8,9.8
178,39,F,119.0,15354,3.2,5147,84.4,2.1,7.9
179,39,M,89.4,18657,0.2,4716,72.3,2.9,6.8
180,59,M,51.0,16241,6.9,1421,45.5,3.5,10.0
181,35,M,72.4,9508,5.7,1816,69.0,3.7,9.0
182,53,F,47.2,12677,4.0,2177,67.5,2.1,8.0
183,42,M,42.8,3274,0.7,1808,30.7,5.4,1.5
184,55,F,21.7,2696,1.0,2504,30.8,4.0,2.5
185,27,F,109.7,22592,2.7,4825,79.0,2.1,8.0
186,44,F,49.3,14276,6.0,2622,62.9,5.0,9.3
187,25,M,72.1,14321,4.4,2184,30.6,5.1,8.6
188,37,F,56.4,9937,5.9,2700,44.9,4.9,8.7
189,40,M,29.1,898,1.7,1648,32.4,1.0,4.0
190,62,F,70.4,12962,4.4,2496,37.1,4.3,8.1
191,36,M,53.6,13837,6.9,1848,31.8,3.8,8.3
192,64,F,28.4,7501,8.1,831,55.9,8.4,4.6
193,49,M,43.4,8056,9.0,1187,48.8,7.5,7.1
194,24,M,34.5,1369,0.2,1840,15.9,4.9,2.4
195,36,F,60.1,12575,6.8,1167,51.9,4.0,9.3
196,34,F,69.4,15944,4.8,5671,83.6,3.2,6.8
197,24,F,98.5,18965,4.4,6523,64.2,1.0,8.9
198,28,F,55.5,10483,6.7,2665,52.2,6.0,8.5
199,49,F,47.6,14272,6.7,2451,51.5,5.5,8.3
200,47,F,37.8,8873,9.2,1158,61.4,7.5,5.5
201,51,M,54.2,2295,1.3,1746,19.6,3.0,2.5
202,22,M,39.7,3008,0.7,1693,30.6,6.9,3.8
203,38,M,87.1,17164,2.1,4855,65.8,1.8,6.4
204,47,M,51.1,12805,5.4,2366,62.2,3.1,9.5
205,47,F,37.3,9136,9.4,807,55.2,8.1,4.6
206,29,F,67.6,11750,6.9,1585,59.5,4.5,9.3
207,64,F,53.1,14541,7.8,1940,47.0,3.3,9.6
208,39,F,46.6,1415,1.3,1262,33.0,3.6,5.1
209,30,M,90.8,18381,3.7,6331,76.0,3.5,10.0
210,26,F,48.2,3154,1.2,1875,24.0,1.3,2.4
211,22,M,84.8,16177,3.0,5195,69.4,2.3,7.2
212,30,M,45.9,728,1.0,1600,19.2,6.1,1.1
213,34,F,52.2,12413,3.8,2112,48.2,3.7,8.6
214,40,F,97.1,17171,2.3,4896,72.0,1.8,7.9
215,34,M,31.7,9498,7.9,719,54.7,7.0,6.8
216,53,F,23.6,12182,11.0,689,58.6,8.6,1.5
217,28,F,56.7,13988,6.4,2025,51.8,1.9,7.0
218,48,F,77.6,20888,2.2,4742,64.8,3.1,8.1
219,31,F,39.9,8735,7.5,1187,68.7,10.0,5.8
220,41,F,52.1,410,0.4,2100,15.9,4.9,2.7
221,35,M,31.5,7809,6.2,827,38.8,9.0,2.6
222,29,F,103.5,17741,3.8,3927,77.7,2.4,9.1
223,59,F,68.1,15237,6.5,2051,47.6,4.0,8.5
224,44,F,42.6,8706,9.6,1026,49.9,9.0,5.6
225,41,F,37.6,1841,0.2,1609,19.4,6.3,1.0
226,60,M,41.6,8433,8.4,882,57.8,6.7,5.9
227,34,F,30.7,6206,8.1,1157,56.7,9.0,4.3
228,61,M,65.0,15721,6.2,2366,43.5,2.0,7.7
229,35,M,92.8,14781,3.3,4952,75.5,3.2,5.7
230,39,M,39.9,8580,10.3,885,38.5,8.5,4.5
231,54,F,72.6,14825,7.7,2378,49.1,5.3,9.2
232,61,F,41.9,7700,10.2,603,65.9,7.7,4.3
233,40,F,33.3,9260,11.7,815,64.7,7.8,5.2
234,57,F,25.5,9102,10.8,1043,35.0,8.5,4.4
235,27,M,41.5,7921,8.9,529,66.7,7.8,6.0
236,45,M,26.3,2324,2.0,1205,41.4,5.5,2.9
237,29,M,50.5,3457,2.3,1947,13.2,3.4,2.6
238,61,M,29.3,9901,6.1,869,37.4,7.2,5.0
239,40,F,61.4,2183,1.8,1433,21.4,5.5,4.2
240,54,F,102.6,16092,3.9,5698,81.6,1.7,7.1
241,48,F,97.2,12166,2.8,4490,66.8,3.3,8.4
242,51,F,55.6,13792,5.4,2288,56.7,3.3,9.3
243,47,M,54.6,2629,1.1,2015,41.1,4.4,2.6
244,29,F,90.8,17079,2.7,6279,93.1,2.7,7.9
245,36,M,45.5,2667,1.0,2187,21.5,3.2,3.6
246,57,M,43.0,10889,8.5,634,47.0,9.3,6.4
247,28,M,64.8,9600,5.6,2008,49.6,4.8,8.6
248,44,M,63.4,12844,6.5,2000,48.1,3.5,10.0
249,25,M,78.6,19874,3.6,5559,83.2,2.9,6.4
250,33,F,41.3,2876,2.8,2127,29.3,4.0,2.9
251,45,F,64.7,1528,1.6,1514,28.7,5.8,2.9
252,59,M,69.3,12797,6.1,2224,65.1,6.1,8.1
253,41,M,92.3,14308,3.8,6235,81.6,4.8,7.5
254,61,F,36.3,6428,13.2,1028,75.7,8.2,6.2
255,28,M,29.1,7269,9.6,813,54.3,8.7,7.1
256,31,F,89.9,15071,3.6,5359,76.7,3.5,7.5
257,29,F,82.6,12404,7.4,2208,50.4,3.2,10.0
258,52,F,49.5,2214,0.4,2099,32.9,2.2,2.4
259,61,M,61.4,13799,4.8,1857,48.3,2.9,8.5
260,49,F,36.1,2247,0.8,1442,17.7,3.2,2.7
261,49,M,42.9,1945,0.3,2771,18.8,5.0,3.6
262,46,M,61.3,12971,8.4,2151,34.4,4.6,8.0
263,53,M,29.9,10952,8.7,889,73.4,9.1,5.6
264,52,F,59.6,15042,4.3,2675,39.4,1.7,7.7
265,21,M,29.8,10089,10.7,698,40.5,9.0,3.3
266,30,F,66.4,2368,1.8,1903,27.9,5.7,1.4
267,51,F,77.0,15908,4.2,2620,65.2,3.8,7.8
268,60,F,46.2,9499,10.1,1171,62.6,9.6,5.0
269,47,M,93.1,21302,2.5,5527,80.8,2.0,8.4
270,63,M,45.7,6931,6.0,925,64.0,7.0,6.3
271,30,F,47.8,3212,1.0,1886,28.6,3.3,4.3
272,35,F,50.6,3321,1.1,1837,21.7,4.3,1.0
273,47,F,90.4,21319,5.1,5215,84.4,2.9,7.8
274,55,F,92.8,20723,3.7,4560,78.1,2.3,8.5
275,32,F,40.1,4407,0.6,1925,21.4,3.9,2.7
276,62,F,18.7,2656,1.5,1493,33.9,3.7,2.5
277,23,F,102.6,18676,2.7,4629,74.0,2.5,7.6
278,27,M,64.2,10425,4.8,2403,49.3,2.2,7.7
279,55,F,47.8,6285,10.8,826,48.6,10.0,3.6
280,57,F,42.0,1985,0.8,1551,20.5,4.8,4.4
281,53,F,41.3,9796,8.3,1023,53.0,8.0,5.3
282,49,M,79.7,18441,2.0,6152,75.7,4.5,7.2
283,41,M,45.0,9081,11.1,1304,61.0,9.4,3.2
284,31,F,45.7,12279,7.2,979,67.7,7.4,6.4
285,54,F,88.6,12272,3.7,4978,69.8,3.8,7.5
286,33,F,26.8,9142,10.5,1127,47.3,9.4,3.9
287,39,M,34.1,3386,1.4,1695,36.3,5.1,1.9
288,45,F,50.1,4722,6.8,1787,45.6,4.5,7.9
289,57,M,38.7,1704,1.2,1826,44.9,3.8,2.0
290,24,F,43.6,3033,0.7,1214,31.4,5.0,2.8
291,26,M,34.9,9238,12.4,483,48.1,7.5,3.9
292,50,M,104.0,22692,5.0,5794,76.8,2.4,5.9
293,56,M,34.5,9171,8.3,1144,71.7,8.4,4.3
294,36,F,37.2,2677,1.2,1963,22.7,4.4,2.1
295,38,F,27.9,3287,1.2,2044,24.5,4.3,4.1
296,36,F,53.1,11510,6.2,2717,47.4,4.9,7.4
297,34,F,93.0,15780,2.6,4176,87.9,2.7,8.0
298,55,M,35.5,2303,1.5,1244,33.8,3.5,4.7
299,44,M,67.1,12437,5.7,2050,46.1,1.7,8.2
300,56,F,104.5,17370,3.3,6201,67.1,4.0,6.5
301,41,F,41.8,10551,9.0,783,78.4,8.2,6.0
302,53,M,66.5,13483,7.6,1724,33.5,2.3,10.0
303,34,F,49.2,3188,1.1,1732,21.8,3.7,2.2
304,56,F,31.1,6436,9.4,857,42.1,8.4,7.2
305,60,M,50.6,11667,10.2,762,42.8,8.2,3.0
306,33,M,27.1,7351,6.1,1180,51.3,7.7,4.4
307,39,F,26.0,5766,9.1,553,67.8,8.7,6.3
308,62,F,39.3,6216,6.7,924,48.3,7.2,4.7
309,32,F,53.6,16402,6.0,2275,48.7,3.8,8.1
310,49,M,96.9,20051,4.4,6136,98.0,3.1,7.3
311,43,F,45.0,8232,11.2,976,47.4,7.9,7.3
312,51,M,84.9,18580,3.4,4775,77.3,2.2,6.2
313,30,F,96.1,22302,4.7,5345,82.8,1.0,6.8
314,27,F,41.8,9990,7.1,1241,67.6,9.8,3.3
315,38,F,96.9,19385,1.2,4197,81.5,1.9,6.1
316,45,F,111.0,18905,3.5,5214,75.1,2.9,7.7
317,34,M,42.5,2365,0.8,1570,26.5,4.2,2.7
318,24,F,36.4,1655,0.3,1941,28.6,1.9,1.2
319,21,F,40.5,1991,1.5,2027,15.3,3.0,1.0
320,59,M,42.7,1672,1.2,1293,19.5,1.7,1.0
321,34,F,25.6,12507,10.7,1182,61.7,8.5,5.6
322,52,M,33.1,7429,5.9,707,50.0,8.8,4.3
323,37,F,70.0,13541,6.7,2028,51.2,4.3,8.2
324,28,F,61.7,11755,4.3,2078,45.4,4.5,8.7
325,38,F,44.0,1266,1.2,1962,43.5,4.1,1.9
326,62,F,54.0,14633,5.8,2525,57.0,6.9,8.5
327,57,F,67.0,10032,7.9,2093,58.8,3.6,8.9
328,22,M,32.9,2147,0.9,1684,2.6,4.5,3.0
329,43,M,32.2,3104,1.2,1104,21.1,5.8,1.9
330,37,F,112.5,17827,3.2,5091,79.4,1.0,7.4
331,62,M,22.6,10384,4.4,780,68.9,8.2,5.6
332,53,M,73.5,12741,5.0,2412,55.3,4.2,7.9
333,41,F,87.3,19200,2.5,5813,89.0,1.2,8.3
334,41,F,38.8,9722,11.4,1228,65.7,7.6,5.5
335,28,F,79.1,17523,3.2,6451,84.1,3.8,10.0
336,31,M,83.1,16141,3.2,5219,85.8,1.7,7.5
337,57,F,37.3,2358,1.6,2103,17.6,3.7,2.7
338,22,M,62.1,14361,5.7,1976,55.3,3.9,9.4
339,29,M,63.8,11513,5.8,2643,62.6,3.4,7.4
340,55,M,59.2,15958,7.2,1193,63.7,5.3,9.2
341,27,F,82.7,12842,1.6,5414,80.7,2.6,7.6
342,46,F,33.5,9017,8.4,549,57.7,10.0,2.8
343,31,F,97.0,18131,3.1,6065,70.0,2.9,5.6
344,49,M,40.8,13484,4.2,2334,34.0,4.1,7.9
345,33,M,24.2,10871,8.3,1141,32.9,8.3,4.5
346,21,F,106.3,15867,5.1,5771,90.7,2.3,7.9
347,28,M,84.6,19136,2.4,5369,78.0,3.1,7.5
348,36,F,82.0,20786,1.7,5835,76.1,3.4,7.5
349,41,M,69.1,14445,7.5,2829,67.1,3.3,8.3
350,58,F,110.6,14070,3.6,4735,72.2,3.2,8.1
351,61,M,41.5,2425,1.0,1896,16.2,6.7,3.9
352,23,M,97.9,20668,3.3,5027,78.0,2.8,7.2
353,64,F,48.9,1527,1.4,1520,26.5,3.9,1.5
354,46,M,71.6,17282,3.1,5383,73.0,1.0,9.8
355,63,F,77.5,15219,2.3,6037,81.8,2.6,7.3
356,24,F,83.5,13606,4.9,6166,82.2,1.0,9.1
357,60,M,43.8,9745,8.7,1094,37.5,7.4,3.2
358,31,F,116.2,18270,3.5,5777,89.8,3.7,8.1
359,50,F,40.0,8817,8.6,954,60.1,8.3,2.1
360,40,F,60.4,12302,2.4,2056,47.8,6.1,7.8
361,28,F,41.9,13286,10.5,540,64.0,10.0,5.8
362,48,M,35.9,9550,6.6,1279,65.5,7.8,3.1
363,55,F,44.9,9950,8.0,901,55.8,9.4,3.6
364,37,M,62.6,12674,8.6,1699,58.1,2.6,7.9
365,46,F,65.5,14377,4.4,2072,47.6,1.7,8.9
366,61,M,70.3,14818,5.6,2434,64.1,3.3,8.0
367,40,M,120.7,19943,3.2,4817,78.0,2.6,9.0
368,40,F,40.4,7384,8.3,678,33.8,9.0,5.9
369,34,M,67.6,11949,6.7,2735,38.0,3.6,9.5
370,26,F,95.3,18180,2.3,5858,75.8,4.2,5.9
371,28,F,35.3,2381,1.3,2005,36.1,6.4,3.0
372,47,F,97.8,18761,2.8,4625,78.4,1.5,6.0
373,48,F,39.9,9869,8.8,929,69.1,7.7,4.1
374,39,F,54.8,2504,1.8,1803,50.2,2.9,3.3
375,21,M,60.7,14701,5.8,2052,48.3,3.2,7.6
376,29,F,99.4,22322,1.9,4778,81.3,2.8,7.7
377,60,F,52.5,10367,8.0,883,64.4,7.4,6.4
378,55,M,32.7,10013,10.3,553,56.4,8.4,5.7
379,33,M,38.3,2174,1.2,1523,36.8,4.4,3.6
380,31,M,99.1,17105,4.8,4129,87.0,3.5,5.6
381,48,M,49.4,2781,2.2,1652,2.0,5.6,3.2
382,56,F,41.8,2410,1.8,1369,8.8,3.8,3.1
383,44,M,69.3,14807,6.1,2023,66.9,2.7,7.3
384,56,M,51.2,10470,8.9,2447,45.5,4.0,10.0
385,23,M,39.0,9370,10.1,866,58.7,8.1,4.6
386,58,M,21.9,10159,7.2,1025,55.1,8.0,4.2
387,53,M,61.6,10314,6.0,2449,43.0,1.0,8.4
388,58,M,32.9,10166,9.6,824,72.8,8.3,5.1
389,26,M,49.9,13388,6.5,2045,57.0,3.7,10.0
390,64,F,47.0,10016,9.5,737,91.7,10.0,4.5
391,55,M,65.6,9783,5.5,1592,65.6,3.8,8.6
392,49,F,80.4,17672,3.2,4722,71.6,3.4,8.4
393,31,F,54.0,6389,5.5,896,51.0,8.5,5.2
394,47,F,47.4,13295,6.0,2352,49.0,2.9,7.9
395,57,M,59.7,17000,6.6,1918,38.8,5.3,10.0
396,37,M,93.1,25263,3.2,4859,73.4,3.5,5.6
397,24,F,31.8,7959,8.6,764,53.1,9.0,2.9
398,52,M,33.7,1730,1.0,1529,19.1,7.7,3.5
399,44,M,44.3,1948,1.8,1522,20.3,1.9,2.1
400,56,F,94.4,16856,2.4,3629,67.0,2.3,7.2
401,31,F,68.0,13954,6.6,2833,44.1,2.4,8.4
402,21,M,32.9,1840,1.0,2441,2.0,3.5,4.4
403,44,M,38.7,1221,1.5,1623,35.6,3.6,2.6
404,54,M,65.5,12746,6.4,2424,45.8,4.0,7.3
405,32,F,47.8,3062,1.7,2509,7.9,6.0,1.6
406,43,M,34.2,9716,10.8,895,54.6,8.7,7.5
407,33,F,73.0,1837,0.7,2439,23.8,2.4,3.8
408,62,M,31.2,2801,0.6,1544,32.9,4.7,1.9
409,42,F,37.2,1896,1.9,2582,35.4,5.4,3.0
410,60,F,29.1,8951,4.9,576,52.1,9.4,5.3
411,61,M,90.6,21250,2.6,6099,79.8,1.6,6.5
412,59,M,50.6,11281,6.8,2297,57.7,5.1,8.6
413,21,F,39.7,10938,8.3,1099,77.0,8.7,4.3
414,30,M,61.3,12560,6.6,2006,39.3,3.1,7.7
415,37,F,68.4,13588,4.5,2085,50.8,2.9,7.5
416,26,F,85.1,16612,2.1,5492,85.5,1.0,7.9
417,61,M,42.2,2510,1.4,1389,29.5,4.6,1.9
418,27,F,37.0,9479,11.4,1065,63.8,7.0,5.2
419,30,F,105.6,16365,3.3,5165,72.0,3.8,7.0
420,22,F,49.7,3211,1.1,1500,24.0,2.2,2.5
421,30,M,42.3,8958,11.4,578,84.9,8.0,5.2
422,53,F,88.9,17060,3.1,5891,87.3,4.0,7.1
423,35,F,72.5,14546,6.0,1947,38.1,2.5,8.7
424,32,M,65.2,13805,3.8,2564,45.5,3.8,9.2
425,57,F,60.6,2976,0.9,1553,15.6,3.2,2.5
426,33,F,23.8,8297,11.3,710,53.9,8.7,5.3
427,41,M,39.9,8857,10.9,480,53.7,9.0,3.6
428,21,F,60.1,13917,5.4,3000,42.4,3.9,8.3
429,25,M,50.1,12044,6.1,1737,55.6,5.8,10.0
430,36,F,58.3,15769,8.3,2019,32.0,4.8,8.3
431,40,F,71.1,14702,7.5,2710,58.2,3.8,7.5
432,64,F,54.7,10498,5.8,2294,21.3,4.1,8.4
433,62,M,31.0,7496,9.9,735,50.2,8.8,3.7
434,30,M,47.0,10844,9.1,890,57.7,7.3,5.1
435,35,M,51.1,12615,4.2,1930,49.5,2.5,8.2
436,22,M,100.4,20070,2.2,5739,74.1,1.0,8.8
437,30,M,89.2,16364,2.7,3749,76.1,5.2,6.1
438,28,F,31.7,12310,7.5,1148,66.8,8.6,7.7
439,49,M,70.1,11513,7.6,2358,39.6,3.8,8.2
440,57,F,92.3,15842,1.9,5277,81.9,4.2,7.9
441,38,F,33.1,10097,6.6,763,54.3,7.6,5.8
442,38,M,97.8,18133,3.5,5254,87.6,2.1,8.1
443,64,F,91.2,18789,2.2,6376,67.8,1.8,6.9
444,32,F,33.8,2549,1.3,1927,17.2,3.3,1.0
445,59,M,47.8,2817,0.3,925,32.6,6.2,3.1
446,60,M,60.0,15797,5.3,2032,60.4,2.7,8.6
447,59,F,80.3,16304,1.9,5459,65.7,1.8,5.5
448,27,F,64.1,17336,5.0,1593,57.9,1.2,8.5
449,25,F,97.6,19477,3.3,6241,81.3,1.0,7.5
450,28,F,103.9,20532,4.1,4649,79.7,1.6,6.7
451,43,F,29.5,9317,10.2,1174,55.1,9.7,4.0
452,42,M,90.1,19087,4.4,4863,81.6,2.5,4.1
453,33,M,52.6,2006,2.4,1394,18.3,6.4,1.0
454,27,M,89.5,18573,3.3,6096,76.2,1.8,7.2
455,45,M,41.8,9702,5.4,1198,68.2,8.6,4.4
456,50,M,34.4,7434,8.3,865,74.7,6.5,2.1
457,42,M,55.1,13803,9.8,2699,55.2,3.2,9.7
458,42,M,22.4,7508,10.9,783,59.7,7.9,6.9
459,21,F,74.8,14667,5.9,1636,46.6,3.3,8.7
460,38,F,79.7,16238,3.5,6178,70.7,1.5,7.0
461,60,F,37.5,3707,1.6,1970,21.4,5.9,3.3
462,29,M,59.3,2549,0.9,1956,23.8,4.4,2.3
463,22,F,34.3,10150,9.5,857,40.6,8.9,4.2
464,26,F,91.7,13639,5.4,5541,74.1,3.4,7.8
465,36,F,52.2,15376,7.4,1715,60.6,5.9,10.0
466,32,M,81.4,18740,2.1,6758,77.2,1.3,7.2
467,37,M,48.0,2942,0.2,2216,24.5,6.2,5.0
468,43,M,90.0,18029,2.6,5163,71.1,4.0,6.2
469,24,F,103.0,17259,1.3,4251,85.0,1.1,6.7
470,40,M,106.2,18136,3.7,5525,69.4,2.1,6.6
471,21,M,35.8,9021,7.5,846,67.3,9.4,3.1
472,37,M,63.4,17284,5.2,1903,42.4,5.4,8.2
473,56,F,87.1,18346,2.6,5756,76.4,3.3,6.0
474,63,F,43.8,8611,10.0,1099,36.5,7.2,4.7
475,40,F,34.8,13219,10.5,834,46.9,9.1,6.0
476,38,M,43.9,9907,9.9,1128,61.9,8.2,2.9
477,49,M,94.0,20474,2.8,4604,88.5,1.3,9.2
478,54,F,28.9,8214,8.5,957,66.6,8.7,6.2
479,63,M,41.1,9351,7.1,1091,46.0,8.6,5.5
480,51,F,38.2,8853,9.8,852,39.7,8.0,4.0
481,34,M,53.5,2379,0.3,1500,12.2,4.6,3.6
482,45,F,59.7,13017,3.8,2291,47.3,4.7,10.0
483,48,F,32.0,1552,1.4,1830,33.1,1.8,3.8
484,59,F,32.0,9352,7.9,520,61.1,8.5,4.2
485,31,F,41.9,8191,7.6,1038,55.5,8.1,4.2
486,64,M,37.9,9153,9.4,1011,56.4,8.5,2.6
487,39,F,61.5,12206,7.4,1931,40.0,3.6,7.9
488,38,M,95.1,22360,4.1,6018,80.6,2.3,4.0
489,61,M,91.1,19070,2.9,4307,78.8,2.3,6.4
490,46,M,75.5,13200,7.7,2104,44.6,3.6,8.7
491,55,M,47.5,9191,10.0,1231,45.1,9.3,6.2
492,64,F,80.3,19325,2.4,5005,65.3,1.3,7.3
493,26,F,66.4,17123,6.4,2686,44.5,4.5,8.6
494,24,M,74.2,14670,5.3,1860,65.6,3.6,8.3
495,22,M,29.3,10306,6.7,940,66.6,8.4,4.6
496,53,M,41.1,9728,7.8,1071,22.1,9.4,3.4
497,38,M,46.1,10127,6.7,2202,57.8,4.7,8.6
498,26,M,114.2,19035,3.5,5774,75.3,2.0,5.8
499,55,F,92.1,22041,3.2,4249,83.0,3.5,5.4
500,29,M,85.1,18691,3.4,6786,87.1,4.5,5.1
501,61,M,35.6,2727,1.1,2263,13.0,4.0,3.2
502,26,F,39.7,9823,9.2,990,47.1,8.7,5.6
503,58,F,98.7,18571,2.9,5745,81.1,2.2,7.2
504,27,F,32.1,7780,8.6,769,50.1,10.0,5.0
505,36,M,35.5,8316,9.9,1213,77.7,9.1,5.4
506,35,M,27.3,8349,10.2,991,59.3,8.5,4.9
507,22,F,32.3,2688,1.0,1526,15.0,2.9,1.8
508,25,F,66.2,14183,6.9,2029,49.2,3.9,8.7
509,56,M,120.5,19310,1.6,6499,74.3,2.5,8.6
510,34,M,46.2,9290,11.4,735,44.0,8.3,5.7
511,44,M,95.9,19522,3.9,5394,69.6,4.1,8.7
512,33,M,89.0,14871,1.3,5234,78.9,3.3,9.9
513,57,M,93.1,23819,3.5,5520,68.1,2.5,6.8
514,45,F,75.7,14439,5.8,2485,50.8,4.5,9.1
515,27,M,58.9,2592,0.9,1178,29.7,4.5,2.4
516,24,M,32.6,7175,5.4,709,45.0,9.1,5.7
517,64,F,49.3,1282,1.7,2411,37.4,5.0,3.4
518,57,M,60.3,15267,5.0,1873,40.3,3.1,8.4
519,36,M,41.3,2456,0.5,1611,22.1,3.6,1.8
520,50,F,84.4,14572,6.8,2040,57.7,5.0,8.1
521,27,F,31.0,9570,8.2,929,64.9,6.8,6.2
522,36,F,53.2,11708,6.6,2607,42.8,4.0,8.8
523,53,M,82.8,17619,5.0,5359,78.0,3.5,6.5
524,49,F,54.4,15736,7.0,1900,42.6,5.9,7.9
525,41,F,55.9,1774,1.9,2343,28.1,4.5,2.5
526,39,F,64.9,14072,7.1,1855,60.6,3.5,7.3
527,38,F,51.7,3132,2.9,2138,41.4,2.5,2.5
528,37,M,60.5,2246,1.5,1631,34.9,3.2,2.2
529,48,M,15.0,8453,8.2,746,57.9,8.5,6.0
530,22,M,47.7,1728,1.2,2788,2.0,4.0,1.9
531,34,F,50.9,3095,0.7,1778,33.5,6.3,2.1
532,62,M,46.2,6288,8.9,538,43.2,7.5,4.5
533,35,F,27.2,8076,7.7,783,56.4,7.5,3.1
534,54,F,54.3,1406,0.2,1499,18.0,2.8,2.9
535,53,F,100.6,16676,1.9,5203,85.9,2.5,7.0
536,48,F,89.4,19098,2.5,5945,66.8,2.0,7.0
537,22,F,27.8,9078,7.6,869,58.7,9.0,5.1
538,55,F,84.2,12225,1.7,6834,77.5,2.7,7.8
539,44,M,56.9,14433,5.6,2267,47.3,3.5,7.9
540,39,F,28.7,8858,5.3,566,42.5,7.8,6.1
541,29,M,106.6,15224,3.5,5695,81.3,2.5,8.1
542,38,F,37.6,7884,7.7,892,42.0,8.9,5.1
543,33,F,38.7,9416,7.9,728,45.9,7.1,3.0
544,56,M,49.3,7793,9.4,988,65.5,8.2,4.8
545,39,M,101.5,18389,3.4,4406,85.1,5.0,9.3
546,33,F,29.4,7802,10.2,1136,55.9,9.6,4.4
547,38,M,55.7,7615,9.0,942,46.0,9.1,4.9
548,62,M,91.3,17847,4.6,6750,81.6,1.8,8.4
549,45,M,100.0,15533,3.0,5460,76.1,1.9,7.8
550,31,F,31.0,7361,10.7,792,48.5,8.0,4.4
551,29,M,48.2,1888,2.2,1745,34.0,4.4,1.7
552,56,M,39.6,8708,8.2,808,79.4,9.4,4.6
553,32,F,32.8,12016,8.3,864,47.0,7.6,3.8
554,55,M,38.8,9323,9.3,962,42.6,7.6,5.7
555,38,F,80.6,22331,1.4,5810,81.0,2.8,7.8
556,48,M,98.8,18958,1.8,5095,85.9,2.6,8.6
557,34,M,97.9,16322,3.3,5531,89.5,2.5,6.6
558,47,F,81.7,21384,2.7,5467,72.8,3.7,9.1
559,50,F,93.6,17016,2.0,5522,73.3,3.3,4.9
560,38,M,57.6,13891,3.3,2185,58.8,3.9,9.7
561,44,M,43.2,2247,1.9,1341,2.0,6.3,2.5
562,44,F,83.9,20671,3.4,6401,86.4,1.8,9.5
563,53,M,39.2,13056,8.0,779,47.6,8.5,4.1
564,63,M,105.0,21690,3.2,5527,61.1,1.0,7.3
565,52,M,66.0,11676,6.9,1639,45.2,2.7,9.2
566,25,F,35.4,8260,9.9,950,43.7,8.2,5.6
567,30,F,49.8,8608,10.9,1057,60.6,8.4,6.1
568,29,F,57.7,14902,5.2,2453,26.9,2.4,8.4
569,58,M,103.9,15070,5.0,5542,83.1,3.1,7.0
570,46,M,59.3,17902,5.7,1942,54.2,3.4,8.5
571,32,M,67.0,13841,7.0,2413,44.8,3.5,7.9
572,47,M,36.8,9989,8.7,1102,52.2,8.3,5.4
573,23,M,68.5,19860,7.3,1679,37.7,4.5,5.8
574,43,F,33.5,11101,8.7,737,50.6,8.8,6.0
575,63,M,21.7,9611,9.5,564,56.1,7.1,5.4
576,23,F,112.6,20116,4.3,4741,60.6,4.0,10.0
577,43,F,44.2,10186,12.9,1147,78.3,8.6,5.6
578,48,M,62.7,10829,5.8,1720,46.2,3.2,8.2
579,53,F,93.6,17334,2.2,5991,68.8,2.1,9.0
580,26,M,130.0,17687,4.6,5060,83.4,2.5,7.7
581,47,M,28.4,7803,8.7,1153,48.6,9.2,6.7
582,40,M,35.9,6033,9.0,836,49.4,7.9,3.2
583,36,M,51.3,1997,0.8,1148,30.6,5.4,2.7
584,35,F,40.0,1249,1.4,1781,41.6,2.5,4.2
585,41,M,95.4,15326,2.1,5198,68.8,3.2,6.5
586,54,F,38.1,1655,1.9,1847,13.9,2.4,2.5
587,55,F,94.9,14299,3.2,5544,85.8,1.0,8.2
588,53,F,60.4,2447,0.7,1990,28.3,4.5,2.6
589,22,F,67.5,9777,5.7,1649,47.4,4.8,10.0
590,42,M,22.2,9991,9.0,902,50.3,8.5,5.1
591,54,M,42.4,10405,6.7,1086,71.4,7.4,5.2
592,59,M,27.1,1965,2.3,1767,30.9,2.1,3.8
593,43,M,45.3,7603,12.2,760,66.7,7.6,5.0
594,37,F,54.1,15789,5.9,1819,30.3,3.6,6.8
595,33,M,84.9,19187,2.1,6163,67.2,1.4,6.6
596,44,F,39.3,9385,9.1,1355,56.3,9.6,3.5
597,35,F,64.6,14445,7.7,1763,36.5,4.3,9.1
598,33,M,101.0,13608,2.8,5240,82.9,4.0,9.2
599,24,M,83.8,16704,2.9,4588,78.0,3.1,9.3
600,47,M,67.8,9862,6.2,2397,54.4,3.1,9.6
601,31,F,74.1,13556,7.2,2088,54.7,4.5,8.4
602,54,F,99.4,17764,2.7,5328,89.5,1.0,6.1
603,27,M,43.0,9738,8.6,872,69.0,9.0,6.6
604,28,M,93.8,18166,2.2,5559,89.8,1.0,7.9
605,32,F,100.8,19097,0.6,5946,75.6,1.8,6.0
606,46,F,38.1,7226,10.2,826,39.8,9.4,2.9
607,31,M,90.7,17833,3.3,5778,74.7,1.9,7.4
608,57,M,38.3,7855,8.2,1061,53.0,8.6,7.9
609,33,F,31.5,2440,1.6,939,36.1,5.0,2.3
610,41,F,43.3,7163,10.0,1256,62.7,9.9,3.8
611,23,M,45.9,2421,1.4,1672,32.3,6.0,2.3
612,53,F,106.8,13994,3.4,4711,81.3,1.0,7.4
613,33,M,58.5,1205,0.8,2031,16.8,6.3,2.1
614,27,M,52.4,16242,6.7,1370,45.4,4.3,8.6
615,23,F,68.6,13128,8.4,1705,54.2,2.8,8.9
616,27,F,105.5,14332,4.1,3924,88.9,2.0,9.0
617,58,F,56.4,14287,7.3,1986,73.6,4.0,9.6
618,62,F,97.2,16522,2.9,6197,80.5,2.1,8.9
619,51,F,43.6,2819,1.4,1972,24.1,5.0,4.2
620,42,M,27.5,7627,9.7,1000,59.6,6.3,4.5
621,55,F,40.0,7646,9.9,960,51.5,8.9,4.5
622,32,M,63.5,13585,4.3,1967,36.7,2.4,10.0
623,35,M,49.4,9094,9.9,917,58.6,7.9,5.4
624,26,F,72.3,15343,3.6,1918,35.2,3.2,9.2
625,28,M,77.8,14266,5.8,2272,68.7,1.9,8.5
626,51,F,43.0,2676,1.4,1614,2.0,1.6,3.7
627,64,F,97.6,17706,5.5,5736,76.8,1.5,7.9
628,47,F,100.1,14759,2.7,5967,78.9,2.2,9.9
629,48,F,22.9,10469,8.4,856,73.9,7.4,5.0
630,42,F,44.4,2131,1.3,1779,28.8,2.3,3.7
631,54,M,37.6,2460,0.5,919,33.5,2.5,2.0
632,40,M,38.5,9026,6.2,783,45.2,8.9,4.9
633,47,M,39.4,9021,8.2,928,46.3,7.5,3.6
634,32,F,31.6,9503,8.2,1189,59.8,8.6,3.8
635,64,M,52.2,12835,5.9,2956,45.5,3.7,7.6
636,22,M,64.0,15734,5.3,2151,36.7,3.0,8.2
637,27,F,59.1,2940,1.2,1706,23.9,4.6,2.7
638,22,F,102.5,17179,3.3,6934,66.7,2.4,8.3
639,60,M,58.5,1980,1.1,1725,24.8,3.7,2.5
640,24,M,72.4,1978,1.1,1506,21.5,4.8,3.3
641,64,F,46.8,2970,1.5,2235,33.0,2.8,2.4
642,64,M,70.6,14884,7.6,1983,42.7,4.8,8.6
643,58,F,63.5,14045,5.9,2250,43.8,3.5,6.8
644,42,F,73.7,12892,6.5,2007,54.4,2.6,7.2
645,48,M,67.5,11804,7.8,2594,50.0,3.5,8.4
646,28,F,39.6,7847,10.5,694,64.6,8.8,3.8
647,37,M,45.2,2484,1.0,2182,23.4,7.3,2.7
648,50,M,31.6,1601,0.2,2294,9.3,5.9,3.6
649,60,F,89.5,21679,2.3,4786,72.1,2.2,8.7
650,35,F,28.3,3572,1.4,2312,14.4,3.5,3.5
651,26,M,96.9,20160,3.1,4789,74.7,2.9,8.6
652,31,M,92.5,21778,2.7,5464,80.7,2.0,7.4
653,64,M,65.4,12718,8.4,2441,55.6,6.2,9.2
654,52,F,62.0,14848,4.3,2818,37.2,5.5,9.1
655,29,F,53.7,1997,1.0,1412,16.9,2.5,2.2
656,53,F,52.5,1855,1.4,1734,14.7,4.4,2.8
657,64,F,69.3,11906,4.1,2446,53.1,3.2,9.0
658,24,M,51.2,13290,5.6,2416,47.1,3.9,9.4
659,49,F,79.2,7236,4.7,1877,62.9,2.7,8.9
660,58,M,68.6,14305,7.3,2819,40.8,5.1,8.5
661,33,M,44.5,2305,1.7,1943,31.4,5.6,1.2
662,33,M,64.9,12735,5.9,2231,28.3,5.8,9.7
663,36,F,60.5,16565,6.2,1729,66.5,5.0,8.2
664,27,F,37.7,1521,1.2,1953,38.2,5.3,2.0
665,23,M,48.3,7892,8.0,1033,32.3,7.0,6.0
666,56,M,92.7,17408,4.6,5569,78.3,4.4,7.5
667,48,M,49.0,3861,0.8,2419,52.3,3.3,2.8
668,32,M,83.4,16015,2.0,4874,76.8,2.8,7.6
669,30,F,104.3,12632,2.2,6054,81.2,2.6,8.6
670,50,F,85.2,20111,1.7,4702,71.9,3.1,7.1
671,47,M,51.3,1830,1.9,1345,40.0,4.5,2.3
672,27,M,37.3,7070,11.0,1067,72.1,9.3,7.2
673,29,M,36.9,2645,0.7,1929,30.5,2.4,3.3
674,36,F,113.9,18492,2.6,5157,88.6,1.0,8.9
675,29,F,27.9,8069,11.7,914,41.0,6.9,5.0
676,40,F,52.0,3546,0.5,1194,40.5,7.5,3.9
677,35,M,55.7,14266,6.9,2125,32.9,3.9,8.1
678,52,F,70.9,13391,7.9,2107,47.9,2.6,7.5
679,64,F,41.5,8306,7.4,1204,62.8,7.5,4.9
680,62,M,106.0,16487,1.3,5702,89.9,4.4,7.0
681,38,M,50.9,2832,1.9,1251,29.3,6.2,2.6
682,43,M,98.2,18506,1.3,5691,78.8,3.2,6.2
683,61,M,47.5,3490,1.4,2150,20.4,3.8,3.7
684,41,M,74.1,15431,5.5,2360,62.5,5.3,10.0
685,48,M,35.0,10158,10.6,937,58.3,7.8,4.0
686,57,M,33.8,11374,10.0,1137,50.2,8.3,5.6
687,24,M,44.4,2486,1.4,1674,18.8,6.4,2.8
688,55,F,51.6,18322,6.7,1881,50.1,6.4,8.7
689,59,M,94.8,21015,3.3,5135,78.6,3.9,7.0
690,55,F,96.6,21274,3.8,6593,79.2,1.0,5.0
691,50,M,58.0,2308,0.8,1335,20.7,5.6,1.7
692,55,F,52.7,3104,1.2,1936,16.0,1.0,1.1
693,50,M,37.2,7791,6.0,1041,74.2,6.8,5.1
694,59,M,39.8,6890,11.9,982,61.7,7.9,3.9
695,32,F,50.3,1715,1.3,2045,27.9,5.6,3.4
696,48,F,41.7,3216,1.8,1138,24.4,5.4,3.2
697,53,M,34.2,9591,9.1,822,64.4,7.8,6.5
698,52,M,43.4,6829,10.4,1130,46.7,9.5,5.7
699,62,M,62.9,15054,5.2,1904,43.6,3.7,8.5
700,63,M,75.3,12962,6.2,2787,38.0,4.9,8.6
701,50,F,49.0,4321,1.2,1378,25.0,6.2,2.1
702,26,F,40.6,2002,0.8,1453,7.4,5.8,1.8
703,62,F,84.5,13423,4.2,4680,88.4,2.8,8.5
704,27,M,46.3,9198,11.2,1166,51.9,7.1,4.9
705,30,F,82.5,24294,3.3,7168,78.8,4.3,8.2
706,22,M,42.1,7586,10.2,898,72.2,7.1,4.6
707,27,F,30.8,9085,9.4,891,42.9,9.3,5.2
708,44,M,38.7,8487,8.3,996,86.6,10.0,5.4
709,40,F,52.4,12943,4.9,1875,49.4,5.1,9.7
710,61,M,50.0,14135,8.0,1640,39.6,5.4,8.3
711,55,M,77.6,19956,2.8,6710,80.8,2.5,7.8
712,63,F,47.9,13911,5.8,1927,49.6,3.4,8.4
713,49,M,87.0,18879,2.7,5980,81.9,4.3,6.8
714,59,M,55.8,10639,5.4,1852,46.8,2.7,7.9
715,57,F,59.0,9719,5.8,2057,70.3,4.6,9.3
716,21,F,54.2,10208,5.6,2374,39.8,4.7,9.5
717,60,F,41.8,2067,1.8,1892,35.8,2.9,3.1
718,61,M,97.6,16196,3.9,5433,75.2,1.4,9.7
719,44,M,86.3,19099,3.2,5272,89.6,1.2,8.2
720,55,F,43.3,2958,1.1,1824,25.1,6.3,2.9
721,43,F,41.1,10228,9.3,1236,61.9,8.7,4.6
722,27,M,44.5,2637,1.7,1841,15.6,2.9,4.8
723,38,M,57.4,13565,4.9,2396,43.7,3.6,7.7
724,44,F,66.4,11132,4.3,2065,50.7,2.3,8.6
725,61,F,32.8,2703,1.9,1779,16.6,2.1,2.8
726,21,M,40.1,9833,5.7,733,53.6,9.5,5.8
727,43,M,37.7,10105,9.6,1084,44.8,8.6,5.1
728,54,F,62.3,7956,6.0,2227,44.5,5.4,7.5
729,52,M,55.6,12390,5.7,2799,59.9,3.2,10.0
730,61,M,70.5,9524,6.2,2456,34.3,4.0,9.1
731,33,M,89.9,14165,4.5,5291,86.8,2.0,8.5
732,31,F,63.5,2971,2.1,1971,27.7,4.9,1.4
733,54,M,65.6,10712,6.1,2351,47.5,6.1,7.4
734,21,M,45.5,10738,12.4,857,59.0,8.2,4.9
735,22,M,32.9,3030,1.8,1323,2.0,8.8,2.9
736,53,M,40.1,1088,1.4,1325,22.3,7.6,3.5
737,58,F,100.8,20944,3.6,6375,83.1,3.4,7.4
738,52,F,45.8,3002,1.2,1427,31.9,7.2,3.1
739,58,F,35.4,10962,10.2,1011,50.2,9.3,4.6
740,47,M,46.6,9373,8.6,701,68.2,8.3,5.8
741,50,M,34.7,7509,10.4,1081,33.7,7.7,3.7
742,58,M,53.4,3878,0.9,1392,18.8,2.7,1.4
743,48,F,47.7,3014,0.9,2535,25.2,4.8,2.2
744,26,M,53.5,9185,6.2,2113,56.4,4.4,8.6
745,34,M,53.1,18641,6.3,1933,42.6,4.1,9.8
746,55,M,49.0,1790,1.5,2036,17.1,5.2,1.8
747,43,F,42.4,9226,7.0,999,65.4,7.4,6.1
748,31,F,65.9,13880,7.2,1634,35.5,4.9,8.3
749,30,M,90.1,20074,2.6,5797,81.5,3.7,8.7
750,32,M,47.3,2475,1.8,2514,10.0,4.5,2.6
751,38,F,42.8,10269,8.8,861,62.0,6.6,4.8
752,49,M,47.5,10414,10.1,672,63.7,8.9,5.2
753,53,M,95.8,21933,1.5,4854,48.8,2.4,5.8
754,46,M,79.4,14341,3.2,6072,94.5,1.6,8.1
755,31,M,40.3,2521,1.5,2089,43.9,4.8,1.0
756,25,M,38.7,9442,9.2,839,67.2,10.0,6.3
757,64,M,38.0,4438,1.7,2249,28.6,1.0,3.2
758,36,M,58.4,15031,7.5,2040,37.9,4.7,9.0
759,22,F,51.0,1619,1.3,1836,26.8,3.2,3.6
760,51,M,62.1,14405,4.3,2180,48.7,3.6,7.4
761,44,M,83.6,19594,2.2,5444,83.4,1.4,10.0
762,54,M,37.9,8918,8.9,1108,24.8,7.9,3.7
763,63,M,34.4,1444,1.1,1606,32.9,5.5,2.3
764,40,M,33.5,2374,0.8,2234,33.7,3.1,4.4
765,60,M,95.8,17593,1.4,6549,82.4,2.5,5.4
766,29,M,61.7,13557,8.0,2431,45.7,5.8,8.9
767,40,F,55.9,14258,7.9,2004,29.6,4.0,7.6
768,43,F,115.7,18494,1.5,6082,73.2,4.3,7.2
769,30,M,56.3,16121,6.7,1868,51.3,4.7,9.0
770,59,F,35.6,8298,10.7,1068,45.6,6.9,5.4
771,39,M,100.2,17387,5.6,6234,78.6,3.2,9.3
772,52,F,94.5,19755,4.5,5592,77.4,2.8,5.2
773,24,M,110.7,17335,4.6,5510,80.0,1.0,8.2
774,48,M,90.5,19827,3.4,5642,77.5,3.0,7.1
775,59,M,90.3,16514,1.3,6007,82.0,2.5,6.5
776,38,M,42.7,2758,0.9,1720,26.2,4.0,3.9
777,26,F,48.4,13155,7.4,2161,62.4,4.1,9.6
778,38,F,45.1,2372,0.9,1277,21.4,7.1,2.0
779,47,F,66.4,11577,7.9,1694,41.4,3.4,9.3
780,44,F,63.2,13765,3.5,1999,54.1,3.7,7.7
781,46,F,51.1,15759,8.4,2263,57.8,3.5,7.3
782,45,F,20.6,9905,6.8,958,68.7,7.5,4.0
783,31,F,59.6,12134,5.1,2154,38.4,4.5,9.5
784,56,F,42.0,10079,6.8,1831,38.4,4.6,10.0
785,57,M,40.9,3633,1.1,2119,27.9,5.3,2.8
786,34,F,49.9,2545,1.5,1779,34.1,4.9,2.1
787,40,F,36.0,8026,7.8,1157,47.3,6.8,3.6
788,53,M,78.5,18586,1.8,5407,79.6,3.3,8.2
789,64,F,102.8,19179,3.7,5353,84.9,1.5,6.4
790,59,M,26.8,8543,7.6,877,53.4,8.7,3.6
791,52,M,107.0,17527,1.3,4917,78.6,1.7,6.7
792,24,F,56.7,2762,0.8,2371,28.9,4.8,2.8
793,39,M,35.9,1673,1.2,2106,2.0,4.2,1.0
794,35,M,57.7,13997,8.0,1920,69.2,3.7,7.7
795,36,M,34.5,2757,0.8,1092,30.6,3.7,2.4
796,30,M,42.5,7823,8.8,640,71.9,9.5,4.2
797,34,F,44.0,8741,8.3,1109,66.6,7.8,6.4
798,49,M,108.5,17405,2.8,5490,82.7,1.3,7.6
799,33,M,25.0,9734,10.1,992,65.1,7.8,3.7
800,64,M,38.3,9581,8.6,878,55.1,9.8,4.2
801,50,M,44.1,3351,1.6,1439,29.2,5.7,3.2
802,48,M,27.8,2092,1.2,2042,27.5,3.1,3.5
803,46,F,43.2,2047,1.0,1593,27.7,3.1,2.5
804,43,M,36.1,8677,9.2,896,48.6,8.8,4.2
805,33,M,53.0,18577,4.3,2108,62.6,6.4,7.3
806,23,M,90.9,16253,2.0,6758,75.0,1.3,7.6
807,29,F,63.5,12943,6.7,2104,41.4,4.7,9.3
808,46,M,45.7,2468,1.1,1270,32.6,4.4,2.4
809,44,F,57.1,15573,2.7,2077,47.9,5.3,8.5
810,31,M,97.7,17757,2.7,3903,54.6,2.4,7.3
811,35,M,102.7,14545,1.9,5428,82.2,2.4,7.1
812,49,F,42.1,12309,5.4,2448,58.9,1.0,7.7
813,29,F,44.1,3193,0.7,2478,20.1,1.9,2.8
814,53,F,86.8,15258,2.6,3876,71.1,3.0,8.5
815,49,F,38.8,9656,7.5,1002,55.0,8.2,7.4
816,30,F,90.4,19457,3.5,5948,83.9,4.8,5.5
817,64,M,90.3,18582,0.6,6270,87.5,1.9,8.0
818,36,M,35.7,9139,9.1,644,65.8,8.2,5.8
819,41,M,60.2,12484,6.1,1592,51.8,3.9,8.2
820,36,M,47.7,16539,6.9,1329,30.4,3.6,8.2
821,36,F,36.7,9944,5.7,909,61.7,8.9,1.4
822,53,F,111.3,14046,2.1,6218,82.9,2.3,4.8
823,58,M,85.2,17665,3.6,5345,91.2,1.0,7.3
824,55,F,52.5,12375,6.5,1710,65.2,5.0,8.8
825,61,M,47.3,2257,1.4,1564,30.1,5.3,1.9
826,38,M,94.4,23323,2.0,4921,63.0,2.5,8.7
827,64,M,67.1,17355,6.2,2173,55.8,3.9,8.6
828,42,F,86.6,17143,0.4,5282,70.1,1.5,5.6
829,27,M,61.2,12423,5.9,1346,49.6,1.9,8.4
830,29,M,44.1,1224,1.6,1861,18.2,3.0,3.0
831,42,M,33.3,7584,8.3,703,61.1,7.8,4.7
832,51,M,34.7,1845,1.7,2124,22.1,6.6,1.3
833,57,F,96.1,18958,3.8,4425,76.5,2.4,5.8
834,64,M,65.3,16375,6.5,2085,38.6,5.5,8.7
835,55,F,89.9,16256,3.2,5111,92.4,1.0,5.8
836,55,M,82.6,17487,2.4,5522,76.4,1.9,6.8
837,42,F,53.1,15042,6.9,2118,40.3,2.8,8.5
838,45,M,39.6,7786,9.5,994,78.1,10.0,4.9
839,39,F,42.7,5428,11.1,936,57.2,7.1,7.4
840,24,M,48.1,14823,7.9,2123,38.0,4.2,10.0
841,32,M,55.5,15199,8.1,2026,63.6,4.6,9.2
842,27,F,73.5,924,1.5,1747,27.4,3.6,2.4
843,31,M,43.3,10534,8.6,978,49.6,8.1,4.6
844,57,M,52.2,1830,0.6,1241,20.5,7.7,2.6
845,32,F,58.5,12276,4.6,1379,49.3,2.8,9.6
846,47,M,56.5,2657,1.3,1885,27.8,6.3,2.8
847,38,M,26.3,9336,8.9,790,44.3,10.0,4.7
848,59,F,35.0,8440,10.7,1379,55.0,7.1,4.6
849,30,F,36.1,8558,9.1,973,49.2,8.7,5.3
850,45,M,70.3,14228,6.6,2734,53.5,3.7,9.8
851,56,M,50.5,9409,7.9,949,76.0,10.0,6.0
852,43,F,76.6,17038,4.0,2017,60.9,1.9,9.2
853,47,M,84.0,17070,4.3,5861,79.8,1.6,8.0
854,64,M,84.3,18230,2.9,5695,87.8,1.7,7.2
855,33,M,31.8,1668,1.4,1812,28.6,2.3,4.7
856,53,M,55.0,16249,5.0,1914,48.8,6.2,7.1
857,33,F,105.1,20500,2.2,5677,73.5,3.3,5.9
858,26,F,50.2,2816,0.7,2008,30.0,4.5,3.2
859,23,M,57.2,15526,5.2,1519,39.1,3.8,8.8
860,52,M,40.6,2737,1.7,2308,13.9,3.4,3.2
861,57,M,50.7,2169,0.8,1583,42.9,2.7,3.1
862,54,F,111.9,20009,2.8,5491,82.9,2.8,6.6
863,56,F,34.3,9161,8.9,1182,63.1,7.8,4.4
864,33,F,43.2,10177,7.6,712,51.9,8.8,6.4
865,33,F,114.8,17288,3.5,5015,75.8,3.1,9.3
866,40,F,66.3,12706,9.3,1863,43.5,3.8,10.0
867,25,M,87.9,18780,3.1,5358,74.0,3.1,6.5
868,25,M,108.3,13017,1.1,4144,78.5,1.0,6.1
869,63,F,74.9,12991,4.3,5418,78.9,4.1,9.1
870,43,F,63.5,14144,6.8,2459,63.4,5.3,8.3
871,31,M,33.3,9147,11.2,791,53.7,9.2,5.7
872,30,F,57.2,15802,4.8,2349,48.8,2.6,8.3
873,31,M,96.4,18000,2.7,4784,80.3,2.1,5.3
874,63,F,50.7,10749,8.8,683,29.5,6.9,8.7
875,51,F,56.6,15095,7.0,1454,59.7,2.7,8.3
876,36,F,96.5,16523,4.1,5938,76.2,2.2,7.0
877,52,F,21.1,9875,9.7,1036,46.7,7.5,4.4
878,46,M,61.6,13124,5.8,1829,46.0,3.7,9.3
879,32,M,103.3,22318,2.6,5508,69.7,1.2,6.4
880,36,M,54.4,2876,1.4,1728,26.5,5.8,1.4
881,54,F,32.9,8730,10.5,820,38.1,9.6,3.0
882,45,F,41.5,8865,9.5,328,55.3,8.5,5.2
883,44,M,105.3,11583,3.9,4198,85.4,3.3,8.7
884,63,M,99.6,16821,3.2,6728,81.6,2.1,9.1
885,56,M,66.4,15504,5.7,2254,48.3,5.5,8.0
886,37,F,44.3,3120,1.8,1121,43.4,5.1,2.8
887,56,F,37.7,7384,9.4,882,39.1,9.5,5.3
888,48,M,15.0,8905,8.1,763,73.9,9.5,5.4
889,39,M,30.2,3433,0.9,1415,26.5,4.6,3.5
890,55,M,41.3,3548,0.9,1873,26.9,3.8,1.3
891,29,F,34.6,9907,10.5,997,40.6,8.6,3.7
892,39,F,113.4,14295,2.7,4813,74.7,1.3,6.3
893,52,M,35.5,7387,10.7,942,50.9,7.5,4.1
894,50,F,42.4,2574,1.7,1919,17.9,1.4,3.4
895,22,F,79.1,16665,3.0,6371,75.8,3.0,7.7
896,39,M,40.1,3644,1.0,2563,22.6,3.2,2.1
897,54,F,43.5,1363,1.3,1655,28.1,4.5,2.1
898,51,M,54.0,2914,1.4,1370,38.0,6.7,2.0
899,42,M,102.7,15907,3.6,4794,90.6,1.9,5.4
900,36,M,97.1,17551,2.5,5247,79.8,2.6,8.8
